STN,LON,LAT,STN_SP,HT,HT_WD,LAU,STN,STN_KO,STN_EN,FCT_ID,LAW_ID,BASIN
90,128.56473,38.25085,41211210,17.53,10,4090,105,속초,----,11D20401,4282033035,282
92,128.6667,38.0667,20111000,75.4,10,4113,113,양양(공),----,11D20403,4283032021,221
93,127.75443,37.94738,41211111,95.78,10,4101,101,북춘천,----,11D10301,4211025024,291
95,127.3042,38.14787,41211110,155.48,12.6,4095,101,철원,----,11D10101,4278025624,293
96,131.86983,37.23952,1111100,99.08,0,4115,115,독도,----,1.10E+103,4794025027,211
98,127.0607,37.90188,41211110,115.62,0,4111,109,동두천,----,11B20401,4125010300,112
99,126.76648,37.88589,41211110,30.59,10,4111,109,파주,----,11B20305,4148025025,113
100,128.71834,37.67713,41211110,772.43,10,4100,105,대관령,----,11D20201,4276038024,283
101,127.7357,37.90262,41211111,75.82,10,4101,101,춘천,----,11D10301,4211011800,291
102,124.71237,37.97396,41211110,36,0,4102,102,백령도,----,11A00101,2872033021,131
104,128.85535,37.80456,41211111,75.24,0,4105,105,북강릉,----,11D20501,4215036027,281
105,128.89099,37.75147,41211111,27.12,17.9,4111,105,강릉,----,11D20501,4215010700,281
106,129.12433,37.50709,41211210,40.46,10,4106,105,동해,----,11D20601,4217010400,284
108,126.9658,37.57142,41211111,85.67,10,4111,109,서울,----,11B10101,1111017800,101
110,126.7756,37.5683,20111000,11.38,10,4113,113,김포(공),----,11B10101,1150010800,221
112,126.6249,37.47772,41211111,68.99,10,4111,112,인천,----,11B20201,2811013700,121
113,126.4392,37.4625,20111000,7.1,10,4113,113,인천(공),----,11B20201,2811014700,221
114,127.94659,37.33749,41211110,150.11,10,4114,105,원주,----,11D10401,4213010600,286
115,130.89863,37.48129,41211111,221.14,10,4111,115,울릉도,----,1.10E+102,4794025024,211
116,126.96402,37.44526,1110000,624.82,0,4108,109,관악(레),----,11B10102,4129010700,111
119,126.983,37.25746,X1211110,39.81,10,4119,109,수원,----,11B20601,4111312800,111
121,128.45743,37.18126,41211210,240.54,10,4121,105,영월,----,11D10501,4275025022,287
127,127.9525,36.97045,41211110,114.85,0,4111,131,충주,----,11C10101,4313012200,4313
128,127.5,36.71666667,20111000,58,7,4113,133,청주(공) *,----,11C10301,4311425040,----
129,126.4939,36.77658,X1211111,25.25,20.2,4109,177,서산,----,11C20101,4421010600,311
130,129.41278,36.99176,41211210,48.98,0,4111,136,울진,----,11H10101,4793025023,192
131,127.44066,36.63924,41211110,58.7,10,4111,131,청주,----,11C10301,4311311400,321
133,127.37211,36.37198,41211111,70.22,19.8,4133,133,대전,----,11C20401,3020012400,301
135,127.99458,36.22025,41211110,244.98,10,4135,131,추풍령,----,11C10401,4374033521,323
136,128.70733,36.57293,41211110,141.26,10,4136,136,안동,----,11H10501,4717012900,191
137,128.15741,36.40837,41211110,96.58,0,4111,143,상주,----,11H10302,4725011000,184
138,129.38002,36.03201,41211111,3.94,15.4,4138,138,포항,----,11H10201,4711110400,201
139,129.4167,35.9833,20111000,21,7,4113,113,포항(공) *,----,11H10201,4711132021,----
140,126.76135,36.0053,41211210,27.85,15.3,4140,146,군산,----,21F10501,4513013800,273
142,128.6611111,35.89083333,20111000,35.4,7,4113,113,대구(공) *,----,11H10701,2714010800,----
143,128.65296,35.87797,41211110,54.27,0,4143,143,대구,----,11H10701,2714010300,181
146,127.11718,35.84092,41211110,60.44,10,4146,146,전주,----,11F10201,4511310600,271
151,129.3522222,35.59333333,20111000,12.6,10,4113,113,울산(공),----,11H20101,3120012600,221
152,129.33469,35.58237,41211210,81.14,10,4152,152,울산,----,11H20101,3111011400,161
153,128.9344444,35.16916667,20111000,4,7,4113,113,김해(공) *,----,11H20201,2644010200,----
155,128.57282,35.17019,41211110,34.97,10,4155,155,창원,----,11H20301,4812510100,171
156,126.89156,35.17294,41211110,70.28,17.5,4156,156,광주,----,11F20501,2917010900,241
158,126.8116667,35.125,20111000,12.8,7,4113,113,광주(공) *,----,11F20500,2920010400,----
159,129.03203,35.10468,41211111,69.56,17.8,4111,159,부산,----,11H20201,2611011600,151
160,128.99995,35.11882,1110000,512,0,4159,159,부산(레),----,11H20201,2614010600,151
161,128.0666667,35.08333333,20111000,8,7,4113,113,사천(공) *,----,11H20400,4824025028,----
162,128.43561,34.84541,41211210,31.24,15.2,4162,159,통영,----,11H20401,4822010900,152
163,126.3830556,34.99138888,20111000,10.9,10,4113,113,무안(공),----,21F20804,4684035023,221
165,126.38151,34.81732,41211111,44.7,15.5,4165,165,목포,----,21F20801,4611010300,251
167,127.6125,34.84666667,20111000,17.9,10,4113,113,여수(공),----,11F20401,4613032028,221
168,127.74063,34.73929,41211111,65.93,20.8,4168,168,여수,----,11F20401,4613010500,261
169,125.45105,34.68719,41211110,75.12,15.5,4165,169,흑산도,----,11F20701,4691036022,251
170,126.70182,34.3959,41211210,35.37,15.4,4170,165,완도,----,11F20301,4689031022,254
172,126.599,35.34824,41211110,52.42,10,4111,146,고창,Gochang,21F10601,4579038025,272
174,127.3694,35.0204,41211210,165,10.3,4111,156,순천,Suncheon,11F20603,4615025025,242
175,126.3238,34.47211,1211000,478.51,10,4111,165,진도(레),----,21F20201,4690033021,253
177,126.68772,36.65759,41211110,27.74,10,4129,177,홍성,Hongseong,11C20104,4480025625,311
182,126.5,33.51666667,20111000,26.5,10,4113,113,제주(공),----,11G00200,5011010900,221
184,126.52969,33.51411,41211000,20.79,0,4111,184,제주,----,11G00201,5011010700,331
185,126.16283,33.29382,41211110,71.39,10,4184,184,고산,----,11G00500,5011031023,331
188,126.8802,33.38677,41211210,20.34,10,4111,184,성산,----,11G00100,5013025927,331
189,126.5653,33.24616,41211210,51.86,10,4184,184,서귀포,----,11G00401,5013010100,331
192,128.04004,35.16378,41211110,29.35,10,4192,155,진주,----,11H20701,4817012600,172
201,126.44634,37.70739,41211210,47.84,12,4111,112,강화,----,11B20101,2871032027,122
202,127.49446,37.48863,41211210,47.26,10,4111,109,양평,----,11B20503,4183025021,114
203,127.48421,37.26399,41211210,80.09,10,4111,109,이천,----,11B20701,4150025328,114
211,128.16714,38.05986,41211210,201.78,10,4111,105,인제,----,11D10201,4281025022,281
212,127.88043,37.6836,41211210,140.2,13,4111,101,홍천,----,11D10302,4272025029,292
216,128.98929,37.17038,31211210,714.45,16,4216,105,태백,----,11D20301,4219010100,285
217,128.6459,37.38149,41211211,307.58,0,4111,105,정선군,----,11D10502,4277025022,287
221,128.19433,37.15928,41211210,264.62,13.3,4111,131,제천,----,11C10201,4315011200,325
226,127.73415,36.48761,41211210,171.31,10,4111,131,보은,----,11C10302,4372025030,322
229,125.55954,36.62544,1111200,104.81,0,4129,133,북격렬비도 *,----,11C20102,4482533029,311
230,126.10297,37.2645,1111000,12,0,4111,112,덕적북리,----,11B20201,2872035021,121
232,127.29282,36.76217,41211210,84.78,91.5,4111,133,천안,----,11C20301,4413136022,302
235,126.55744,36.32724,31211210,9.98,9.8,4235,133,보령,----,11C20201,4418010900,303
236,126.92079,36.27242,41211210,13.42,9.5,4111,133,부여,----,11C20501,4476025033,304
238,127.48175,36.10563,41211210,172.69,10.1,4111,133,금산,----,11C20601,4471025025,305
239,127.24438,36.48522,41211210,89.5,10,4133,133,세종,----,11C20404,3611010800,301
243,126.71657,35.72961,41211210,12.2,10,4243,146,부안,----,21F10602,4580033021,274
244,127.28556,35.61203,41211210,247.04,10,4111,146,임실,----,11F10402,4575025022,275
245,126.83904,35.56337,31211210,68.7,10,4245,146,정읍,----,11F10203,4518010800,276
247,127.39652,35.4213,41211210,133.49,10,4111,146,남원,----,11F10401,4519011600,277
248,127.52031,35.65696,41211210,406.87,10,4111,146,장수,----,11F10301,4574025023,278
251,126.697,35.42661,41211111,58.84,10,4111,146,고창군,----,21F10601,4579025030,272
252,126.47784,35.28366,31211111,37.2,0,4156,156,영광군,----,21F20102,4687034030,241
253,128.89075,35.22981,41211111,54.59,0,4111,159,김해시,----,11H20304,4825010300,151
254,127.1286,35.37131,41211111,129.38,10.5,4146,146,순창군,----,11F10403,4577025026,271
255,128.6726,35.22655,41211111,50.95,10,4111,155,북창원,----,11H20301,4812311100,171
257,129.02009,35.30737,41211111,6.29,10,4111,152,양산시,----,11H20102,4833031027,161
258,127.21226,34.76335,X1211111,1.41,0,4111,168,보성군,----,11F20404,4678038023,242
259,126.78408,34.64457,41211111,16,10,4111,165,강진군,Gangjin Gun,11F20303,4681025027,255
260,126.91951,34.68886,31211210,43.99,10.2,4260,165,장흥,----,11F20304,4680025043,255
261,126.56907,34.55375,31211210,16.36,10,4261,165,해남,----,11F20302,4682025034,252
262,127.27572,34.61826,31211210,51.91,10,4262,168,고흥,----,11F20403,4677025029,262
263,128.28812,35.32258,41211111,14.1,0,4111,155,의령군,----,11H20602,4872025024,171
264,127.74538,35.51138,41211111,152.07,0,4111,155,함양군,----,11H20502,4887025022,172
266,127.6914,34.9434,31111111,88.21,0,4174,156,광양시,----,11F20402,4623010600,242
268,126.25846,34.47296,41211210,9.82,0,4165,165,진도군,----,21F20201,4690025025,253
271,128.91449,36.94361,41211210,324.67,10,4111,136,봉화,----,11H10402,4792034021,192
272,128.51687,36.87183,41211210,211.32,10,4111,136,영주,----,11H10401,4721025021,193
273,128.14879,36.62727,41211210,173.01,0,4111,136,문경,----,11H10301,4728010800,185
276,129.04005,36.4351,41211111,208.65,0,4111,143,청송군,----,11H10503,4775025000,191
277,129.40926,36.53337,41211210,40.71,10,4111,138,영덕,----,11H10102,4777036030,201
278,128.68864,36.3561,41211210,81.44,10,4111,143,의성,----,11H10502,4773025031,182
279,128.32055,36.13055,31211210,49.17,10,4279,143,구미,----,11H10602,4719010800,183
281,128.9514,35.97742,41211210,96.12,10,4111,143,영천,----,11H10702,4723010200,182
283,129.20123,35.81747,41211111,40.13,0,4111,138,경주시,----,11H10202,4713011300,201
284,127.9099,35.66739,31211210,228.45,10,4152,152,거창,----,11H20502,4888025028,163
285,128.16994,35.56505,41211210,26.72,10,4111,152,합천,----,11H20503,4889025021,161
288,128.74412,35.49147,31211210,8.31,10,4288,152,밀양,----,11H20601,4827010200,162
289,127.8791,35.413,41211210,138.22,10,4111,155,산청,----,11H20703,4886025023,173
294,128.60459,34.88818,41211210,44.83,10,4111,159,거제,----,11H20403,4831010800,153
295,127.92641,34.81662,41211210,45.71,10,4111,159,남해,----,11H20405,4884031021,151
296,128.96024,35.21778,1111000,3,0,4109,159,북부산,----,11H20201,2644010100,151
300,126.31507,35.85799,1111000,44.18,0,4109,146,말도,----,21F10501,4513039030,273
301,126.1199,35.08704,1111000,6.33,0,4111,165,임자도,----,21F20803,4691032027,251
302,126.15928,34.66473,1110000,17.03,0,4165,165,장산도,----,21F20803,4691039021,251
303,125.09722,34.0725,1111000,97.84,0,4109,169,가거도,----,11F20701,4691036032,251
304,126.84849,34.31801,1110000,25.41,0,4170,165,신지도,----,11F20301,4689032024,254
305,126.9201,33.98622,1111000,35.38,0,4170,165,여서도,----,11F20301,4689035033,254
306,127.8011,34.43185,1111000,3.04,0,4111,168,소리도,----,11F20401,4613034026,261
308,126.07303,34.68703,1110000,8.23,0,4165,165,옥도,----,21F20803,4691037027,251
309,126.6866,37.9464,1111000,25,0.5,4109,109,판문점,----,11B20305,4148038023,113
310,129.26472,37.32471,1111000,14.07,0,4106,105,궁촌,----,11D20603,4223031030,284
311,128.08673,35.78915,1110000,605.47,0,4285,152,가야산,----,11H20503,4889033034,161
312,129.14128,36.39314,1110000,262.19,0,4136,143,주왕산,----,11H10503,4775031034,191
313,128.74127,34.88208,1110000,71,0,4111,159,양지암,----,11H20403,4831010100,153
314,127.74312,35.86621,1111000,1515.31,0,4109,146,덕유봉,----,11F10302,4573032029,278
315,127.51079,35.30673,1110000,1087.86,0,4247,156,성삼재,----,11F20601,4673037026,241
316,126.99743,35.11438,1110000,911.53,0,4156,156,무등산,----,11F20501,2911012000,241
317,127.11418,35.72951,1110000,105.92,0,4146,146,모악산,----,11F10204,4571035025,271
318,128.67045,37.64336,1111000,769.81,0,4109,105,용평,----,11D20201,4276038026,283
319,130.87084,37.53726,1111000,58.05,0,4115,115,천부,----,1.10E+102,4794032024,211
320,128.31375,38.33104,1111000,1263.88,0,4109,105,향로봉,----,11D20100,4282034028,282
321,128.1963,38.1147,1111000,253.72,0,4109,105,원통,----,11D20100,4281032021,281
322,127.68573,38.23158,1111000,437,0,4109,101,상서,----,11D10102,4279033028,293
323,127.52551,38.27268,1111000,276,0,4109,101,마현,----,11D10101,4278032026,293
324,128.07446,36.91019,1110000,155.91,0,4221,131,송계,----,11C10201,4315035028,325
325,128.02526,37.14449,1110000,231.26,0,4221,131,백운,----,11C10201,4315036021,325
326,127.61126,37.54553,1110000,191.01,0,4202,109,용문산,----,11B20503,4183040029,114
327,127.512,36.65026,1110000,127.11,0,4131,131,우암산,----,11C10301,4311112200,321
328,126.406,33.2494,1111000,63.64,0,4109,184,중문,----,11G00400,5013011900,331
329,126.56521,33.44711,1111000,378.48,0,4184,184,산천단,----,11G00200,5011011700,331
330,126.64947,33.50081,1111000,144.41,0,4184,184,대흘,----,11G00200,5011025926,331
349,127.84308,37.59997,1110000,275,0,4111,105,시동,----,11D10302,4272036024,292
350,128.49556,37.99534,1111000,607,10,4111,105,조침령,----,11D20100,4281033025,281
351,126.9789,37.8953,A1100000,135,0,4099,99,남면,----,11B20304,4163032021,141
352,126.9436,37.7156,A1100000,163,0,4099,99,장흥면,----,11B20304,4163034025,141
353,127.0683,37.8414,A1100000,88,0,4099,99,덕정동,----,11B20304,4163011000,141
355,127.0364,37.1136,A1110000,39,49,4119,109,서탄면,----,11B20606,4122032021,141
356,127.0183,37.0481,A1110000,32,42,4119,109,고덕면,----,11B20606,4122033031,141
358,126.9214,36.9672,A1110000,35,45,4119,109,현덕면,----,11B20606,4122037025,141
359,127.1592,37.8542,A1110000,114,124,4098,98,선단동,----,11B20403,4165010400,141
360,127.2283,37.7861,A1110000,119,129,4098,98,내촌면,----,11B20403,4165032024,141
361,127.2447,38.0053,A1110000,85,95,4098,98,영중면,----,11B20403,4165036021,141
364,127.11901,37.38276,A1110000,55.7,0,4119,109,분당구,----,11B20605,4113510200,141
365,126.89514,37.40925,A1110000,30.13,0,4119,109,석수동,----,11B20602,4117110200,141
366,126.9753,37.35506,A1110000,106.25,0,4119,109,오전동 *,----,11B20609,4143010500,141
367,126.78457,37.40617,A1110000,16.86,0,4112,112,신현동,----,11B20202,4139010400,141
368,127.15029,37.59924,A1110000,36.85,0,4119,98,수택동,----,11B20501,4131010500,141
369,126.91692,37.36404,A1110000,124.68,0,4119,109,수리산길,----,11B20610,4141010400,141
370,127.25,37.1789,A1100000,241,0,4119,109,이동묵리,----,11B20612,4146125627,141
371,127.11451,37.2804,A1100000,101.62,0,4119,109,기흥구갈,----,11B20612,4146310200,141
372,127.0267,37.8722,A1100000,108,0,4099,99,은현면,----,11B20304,4163031022,141
373,127.0458,37.7706,A1100000,163,0,4099,99,남방,----,11B20304,4163010300,141
374,126.9706,37.0467,A1110000,50.4,0,4119,109,청북,----,11B20606,4122025928,141
375,126.9875,37.7919,A1100000,150,0,4112,99,백석읍,----,11B20304,4163025022,141
376,126.85889,37.44722,1111000,68,0,4109,109,광명노온,----,11B10103,4121010500,141
377,126.89194000,37.39523000,01111000,28.00,0.00,4109,109,안양만안,----,11B20602,4117110300,141
379,127.5463,35.54046,1111000,292,0,4109,146,번암,----,11F10301,4574032028,278
400,127.08162,37.4982,1110000,12.66,0,4108,109,강남,----,11B10101,1168011400,101
401,127.02601,37.48462,1100000,33.05,0,4108,109,서초,----,11B10101,1165010800,101
402,127.14498,37.55552,1110000,56.21,0,4108,109,강동,----,11B10101,1174010200,101
403,127.0967,37.51151,1100000,58.26,0,4108,109,송파 *,----,11B10101,1171010100,101
404,126.82953,37.5739,1100000,80.4,0,4108,109,강서,----,11B10101,1150010300,101
405,126.8782,37.52961,1100000,11.93,0,4108,109,양천 *,----,11B10101,1147010200,101
406,127.02947,37.66612,1110000,56.65,0,4108,109,도봉,----,11B10101,1132010600,101
407,127.09192,37.62186,1110000,25.3,0,4108,109,노원,----,11B10101,1135010300,101
408,127.06036,37.58463,1110000,53.96,0,4108,109,동대문,----,11B10101,1123010400,101
409,127.08682,37.58551,1110000,39.09,0,4108,109,중랑,----,11B10101,1126010100,101
410,126.91739,37.49331,1111000,44,0,4111,109,기상청,----,11B10101,1159010900,101
411,126.92915,37.55165,1110000,100.67,0,4108,109,마포,----,11B10101,1144012300,101
412,126.94078,37.57047,1111000,103.08,0,4109,109,서대문,----,11B10101,1141011400,101
413,127.08566,37.5338,1110000,28.63,0,4108,109,광진,----,11B10101,1121510500,101
414,126.99944,37.61172,1110000,128.62,0,4108,109,성북,----,11B10101,1129013300,101
415,126.97611,37.52038,1111000,31.73,0,4109,109,용산,----,11B10101,1117012900,101
416,126.9426,37.64648,1100000,57,0,4111,109,은평,----,11B10101,1138011400,101
417,126.90016,37.46551,1111000,45,0,4108,109,금천,----,11B10101,1154510200,101
418,126.93904,37.52489,1110000,10.66,0,4108,109,한강,----,11B10101,1156011000,101
419,126.98736,37.55236,1111000,267.05,0,4108,109,중구,----,11B10101,1114014200,101
421,127.03885,37.54721,1110000,34.73,0,4108,109,성동,----,11B10101,1120011400,101
423,126.827,37.494,1110000,56.08,0,4108,109,구로,----,11B10101,1153010900,101
424,127.02576,37.63972,1110000,57.29,0,4108,109,강북 *,----,11B10101,1130510300,101
425,126.98154,37.46347,1110000,113,0,4111,109,남현,----,11B10101,1162010300,101
426,124.63048,37.96611,1111000,147.29,9.4,4102,102,백령(레),----,11A00101,2872033024,131
427,126.67343,37.64279,1111000,10.54,0,4111,119,김포장기,----,11B20102,4157010400,221
428,127.21284,37.55122,1111000,23.73,0,4109,119,하남덕풍,----,11B20504,4145010800,141
429,126.7636,37.50059,W0000000,15.67,0,4109,119,부천원미,----,11B20204,4119010800,----
430,127.00971,37.27464,A1110000,90.33,0,4119,109,경기,----,11B20601,4111513600,141
431,127.07179,37.74874,A1110000,52.95,0,4098,99,신곡,----,11B20301,4115010400,141
432,126.9204565,37.13107,A1100000,29,0,4119,109,향남,----,11B20604,4159025939,141
433,126.7636,37.50059,A1110000,15.67,0,4112,112,부천,----,11B20204,4119010800,141
434,126.9589167,37.39158333,A1110000,96,0,4119,109,안양,----,11B20602,4117300000,141
435,126.83397,37.33262,A1110000,73,0,4112,112,고잔,----,11B20203,4127310100,141
436,127.18839,37.23444,A1110000,110.83,0,4119,109,처인역삼,----,11B20612,4146110200,141
437,126.86531,37.47867,A1110000,52.69,0,4112,112,광명,----,11B10103,4121010200,141
438,126.93534,37.36148,A1110000,84.71,0,4119,109,군포,----,11B20610,4141010500,141
439,127.0377778,37.20605556,A1110000,66,0,4119,109,진안 *,----,11B20604,4159011600,141
440,127.4423889,37.275,A1110000,168,0,4203,203,설봉,----,11B20701,4150010300,141
441,126.76244,37.60758,A1100000,28,0,4011,112,김포,----,11B20102,4157025322,141
442,127.28568,37.41884,A1111000,37.41,0,4203,203,지월,----,11B20702,4161025329,141
443,127.2901,37.02278,A1110000,66.04,0,4203,109,보개,----,11B20611,4155031029,141
444,127.21367,37.53794,A1110000,27.68,0,4203,203,하남,----,11B20504,4145010600,141
445,126.96884,37.34452,A1110000,80.4,0,4119,109,의왕,----,11B20609,4143010100,141
446,127.06373,37.14031,A1110000,17.48,0,4119,109,남촌,----,11B20603,4137010100,141
447,127.6812778,37.32622222,A1110000,72,0,4203,203,북내,----,11B20703,4167036021,141
448,127.4451667,37.39877778,A1110000,131,0,4203,203,산북,----,11B20703,4167038021,141
449,127.44809,37.51002,A1110000,32,0,4202,203,옥천,----,11B20503,4183034021,141
450,126.83124,37.65823,A1110000,45.34,0,4099,99,주교,----,11B20302,4128110100,141
451,127.20483,37.69851,A1110000,87.99,0,4098,98,오남,----,11B20502,4136026221,141
452,127.22638,37.93408,A1110000,95.19,0,4098,98,신북,----,11B20403,4165034022,141
453,126.8983333,37.44,A1110000,37,0,4112,112,소하,----,11B10103,4121010400,141
454,127.06693,37.97426,A1110000,70.71,0,4098,98,하봉암,----,11B20401,4125011000,141
455,127.50083,37.84598,A1110000,71.8,0,4101,98,경기가평,----,11B20404,4182025021,141
456,127.07564,38.09632,A1110000,73.31,0,4099,98,연천,----,11B20402,4180025021,141
457,127.1941806,37.52202222,A1110000,52,0,4203,203,춘궁 *,Chungung,11B20504,4145011800,141
458,127.30579,37.4747,A1110000,44.59,0,4203,203,퇴촌 *,----,11B20702,4161034026,141
459,127.1967556,37.345475,A1110000,89,0,4203,203,오포,Opo,11B20702,4161025024,141
460,127.4039389,37.36640278,A1110000,182,0,4203,203,실촌 *,Silchon,11B20702,4161025927,141
461,127.35799,37.24896,A1110000,109.89,0,4203,203,마장,----,11B20701,4150034021,141
462,127.48022,37.17172,A1110000,91.21,0,4203,203,모가,----,11B20701,4150036021,141
463,127.5412417,37.3327,A1100000,57,0,4203,203,흥천 *,Heungcheon,11B20703,4167032000,141
464,127.6625722,37.20612778,A1110000,86,0,4203,203,점동,Jeomdeung,11B20703,4167031021,141
465,127.54506,37.20173,A1110000,78.02,0,4203,203,가남,----,11B20703,4167025021,141
466,127.533325,37.39278889,A1110000,60,0,4203,203,금사 *,Geumsa,11B20703,4167033021,141
467,127.1944778,37.05979167,A1110000,55,0,4203,109,양성,Yangseong,11B20611,4155036021,141
468,127.2592222,36.94306944,A1110000,63,0,4203,109,서운,Seoun,11B20611,4155033021,141
469,127.4770111,37.0906,A1110000,95,0,4203,109,일죽 *,IIjuk,11B20611,4155039028,141
470,127.2633861,37.08270833,A1110000,68,0,4203,109,고삼,Gosam,11B20611,4155042024,141
471,127.0648972,37.06644167,A1110000,74,0,4119,109,송탄,Songtan,11B20606,4122010100,141
472,126.8534889,36.98447778,A1110000,25,0,4119,109,포승,Poseung,11B20606,4122025622,141
473,127.18636,37.84864,A1110000,134.7,0,4098,98,가산,----,11B20403,4165033021,141
474,127.27225,38.08660556,A1110000,148,0,4098,98,영북,Yeongbuk,11B20403,4165039021,141
475,127.2511972,38.15774722,A1110000,197,0,4098,98,관인,Gwanin,11B20403,4165040024,141
476,127.28831,37.90132,A1110000,151.72,0,4098,98,화현,----,11B20403,4165041021,141
477,127.0441,37.9056,A1110000,71.43,0,4098,98,상패 *,----,11B20401,4125011200,141
478,127.0148889,38.05586111,A1110000,36,0,4099,98,왕징,Wangjing,11B20402,4180035021,141
479,126.8863056,37.97905556,A1110000,29,0,4099,98,장남,Jangnam,11B20402,4180038021,141
480,126.99289,38.04743,A1110000,42.35,0,4099,98,미산,----,11B20402,4180034024,141
481,126.7160889,37.80241389,A1110000,37,0,4099,99,탄현,Tanhyeon,11B20305,4148032027,141
482,126.85131,37.77602,A1110000,42.86,0,4099,99,광탄,----,11B20305,4148035027,141
483,126.78913,37.92526,A1110000,18.08,0,4099,99,진동,----,11B20305,4148040021,141
484,127.3164778,37.64657222,A1110000,128,0,4098,98,창현,Changhyeon,11B20502,4136025628,141
485,127.4946917,37.67618889,A1110000,83,0,4101,98,신천 *,Sincheon,11B20404,4182031021,141
486,127.4143944,37.73474722,A1110000,61,0,4101,98,외서,Oeseo,11B20404,4182032521,141
487,126.5838672,37.646345,A1110000,42,0,4112,112,대곶,----,11B20102,4157034000,141
488,126.7411667,37.21497222,A1110000,43,0,4119,109,송산,----,11B20604,4159034023,141
489,126.70881,37.16658,A1110000,25.46,0,4119,109,서신,----,11B20604,4159035029,141
490,127.11,38.0244444,A1100000,72,10,4098,98,초성리,----,11B20402,4180032021,141
491,127.0208333,38.0822222,A1100000,39,10,4098,98,군남,----,11B20402,4180031023,141
492,126.8575,37.4217,A1100000,36.4,0,4108,112,학온동,----,11B10103,4121010700,141
493,127.00398,36.72266,1111000,53.64,0,4111,133,송악,----,11C20302,4420031021,302
494,127.24064,36.53152,1111000,107.8,0,4109,133,세종고운,----,11C20404,3611011200,301
495,127.16254,36.98062,1110000,13,0,4119,109,공도,----,11B20611,4155025028,111
496,127.26876,36.45853,1110000,27.23,0,4133,133,세종금남,----,11C20404,3611034040,301
497,128.85147,37.57516,1111000,660.4,0,4109,105,삽당령,----,11D20200,4215032025,281
498,128.51447,37.87925,1110000,1018.68,0,4212,105,구룡령,----,11D20200,4272039023,281
499,127.02354,38.13608,1111000,53.7,0,4109,109,중면,----,11B20402,4180037021,112
500,126.47015,37.66571,1111000,48,0,4109,112,양도,----,11B20101,2871035027,122
501,125.69819,37.65891,1111000,7.63,0,4112,112,대연평,----,11A00102,2872038021,121
502,126.29164,37.78944,1111000,13.94,0,4109,112,교동,----,11B20101,2871040025,122
503,126.71193,37.90804,1110000,18.29,0,4099,109,도라산,----,11B20305,4148039024,113
504,127.18073,37.87035,1110000,105.14,0,4111,109,포천,----,11B20403,4165010300,112
505,127.34543,37.82439,1111000,170.45,0,4109,109,가평조종,----,11B20404,4182034521,112
506,126.77693,37.74823,1111000,12.88,0,4109,109,파주금촌,----,11B20305,4148010100,113
507,127.14358,38.02479,1111000,76.06,0,4109,109,창수,----,11B20403,4165035025,112
508,126.36093,37.46649,1111000,140.91,0,4112,112,왕산,----,11B20201,2811014900,121
509,126.95015,37.45284,1100000,141.64,0,4108,109,관악,----,11B10101,1162010200,101
510,126.90705,37.52706,1111000,25.38,0,4109,109,영등포 *,----,11B10101,1156011700,101
511,126.69047,37.55498,1111000,47.04,0,4109,112,공촌동,----,11B20201,2826010500,121
512,126.66209,37.39684,1111000,8.13,0,4109,112,인천연수,----,11B20201,2818510500,121
513,126.14495,37.22721,1111000,20.02,0,4109,112,덕적도,----,11B20201,2872035022,121
514,126.5787,37.23767,1110000,10,0,4112,112,대부도,----,11B20203,4127311100,121
515,126.77389,37.08453,1110000,10.47,0,4119,109,운평,----,11B20604,4159025623,111
516,127.25017,37.00371,1110000,23.92,0,4119,109,안성,----,11B20611,4155012200,111
517,128.4745,38.38537,1110000,6.11,0,4090,105,간성,----,11D20402,4282025022,282
518,128.1211,38.26958,1110000,468.47,0,4211,101,해안,----,11D20100,4280034022,291
519,127.51941,38.07545,1110000,298.11,0,4101,101,사내,----,11D10102,4279034021,291
520,128.51818,38.16705,1110000,135.58,0,4090,105,설악동,----,11D20101,4221011200,282
521,128.6026,38.14373,1110000,15.97,0,4090,105,강현,----,11D20403,4283035038,282
522,127.9838,37.78712,1111000,197.86,0,4109,101,화촌,----,11D10302,4272031025,292
523,128.82139,37.89848,1110000,8.94,0,4105,105,주문진,----,11D20501,4215025021,281
524,128.92477,37.78579,1110000,6.61,0,4105,105,강문,----,11D20501,4215011300,281
525,128.37725,37.61234,1110000,552.11,0,4100,105,봉평,----,11D10503,4276034021,283
526,128.39469,37.37748,1110000,303.18,0,4121,105,평창,----,11D10503,4276025042,287
527,128.64126,37.21108,1110000,392.43,0,4121,105,신동,----,11D10502,4277025921,287
529,129.28585,37.14156,1110000,36.07,0,4106,105,원덕,----,11D20602,4223025332,284
530,130.8118,37.5151,1110000,178,0,4111,115,태하,----,1.10E+102,4794031026,211
531,127.55219,37.89807,1110000,109.66,0,4101,109,가평북면,----,11B20404,4182035022,112
532,127.07349,37.73476,1110000,89.49,0,4098,109,의정부,----,11B20301,4115010500,112
533,127.48073,37.32777,1110000,82,0,4111,109,백사,----,11B20701,4150032000,114
534,127.61058,37.121,1110000,88.2,0,4203,109,장호원,----,11B20701,4150025023,114
535,128.18265,37.71701,1110000,313.5,0,4212,101,서석,----,11D10302,4272034021,281
536,127.97242,37.4876,1110000,114.35,0,4114,105,횡성,----,11D10402,4273025022,286
537,128.84589,37.48323,1110000,488.08,0,4100,105,임계,----,11D20300,4277035026,283
538,127.10301,38.17254,1110000,82.25,0,4098,109,신서,----,11B20402,4180036022,112
539,127.36571,38.02415,1111000,137.74,0,4109,109,포천이동,----,11B20403,4165038021,112
540,126.892,37.6373,1110000,44.71,0,4108,109,고양,----,11B20302,4128111300,113
541,127.15055,37.63405,1110000,25.36,0,4108,109,남양주,----,11B20502,4136025922,112
542,127.38017,37.68414,1110000,41.96,0,4101,109,청평,----,11B20404,4182032524,112
543,126.54958,37.499,1110000,25.79,0,4112,112,영종도,----,11B20201,2811014600,121
544,126.6544,37.18565,1110000,10.96,0,4112,109,전곡항,----,11B20604,4159035021,111
545,126.83848,37.28103,1110000,5.92,0,4119,109,안산,----,11B20203,4127110300,111
546,127.2592,37.43529,1110000,122.61,0,4203,109,경기광주,----,11B20702,4161010300,114
547,127.75488,37.41593,1110000,108.62,0,4202,109,양동,----,11B20503,4183038021,114
548,127.63956,37.26883,1110000,118.56,0,4203,109,여주,----,11B20703,4167011500,114
549,127.22178,37.27011,1210000,83,0,4119,109,용인,----,11B20612,4146125023,111
550,127.04873,37.18787,1110000,41.75,0,4119,109,오산,----,11B20603,4137011100,111
551,127.10879,36.98769,1110000,27.14,0,4232,109,평택,----,11B20606,4122011800,111
552,127.42449,38.27219,1110000,238.63,0,4095,101,김화,----,11D10101,4278025321,293
553,128.42813,38.49235,1111000,21.47,0,4090,105,대진,----,11D20402,4282031021,282
554,128.43713,38.21439,1111000,771.81,0,4109,105,미시령,----,11D20100,4282033033,282
555,127.70285,38.09638,1110000,106.21,0,4095,101,화천,----,11D10102,4279032025,293
556,127.98527,38.09799,1110000,187.57,0,4211,101,양구,----,11D10202,4280025032,291
557,128.31862,37.95263,1110000,311.62,0,4211,105,기린,----,11D20100,4281033021,281
558,127.70066,37.68614,1110000,94.64,0,4212,101,팔봉,----,11D10302,4272037023,292
559,128.39728,37.77805,1110000,574.76,0,4212,105,내면,----,11D20200,4272039021,281
560,128.56447,37.64794,1110000,540.54,0,4100,105,진부,----,11D20202,4276036000,283
561,128.15275,37.58219,1110000,221.38,0,4114,105,청일,----,11D10402,4273035024,286
563,128.6828,37.46356,1111000,362.87,0,4121,105,북평,----,11D10502,4277034021,287
565,126.77795,37.39154,1111000,5.77,0,4112,109,시흥,----,11B20202,4139013000,111
566,128.81924,37.85155,1110000,8.36,0,4105,105,연곡,----,11D20501,4215037024,281
567,126.93176,37.95332,1111000,71.25,0,4109,109,적성,----,11B20305,4148037024,113
568,127.31349,37.95875,1111000,142,0,4109,109,일동,----,11B20403,4165037023,112
569,127.15698,37.58224,1110000,27.15,0,4108,109,구리,----,11B20501,4131010700,112
570,126.64233,37.6232,1100000,33.72,0,4112,112,금곡,----,11B20201,2826011800,121
571,126.82094,37.19525,1110000,45.39,0,4119,109,화성,----,11B20604,4159026200,111
572,127.12476,37.42093,1111000,28.65,0,4108,109,성남,----,11B20605,4113310600,111
573,127.71352,37.55821,1111000,120.49,0,4109,109,청운,----,11B20503,4183037021,114
574,127.58711,37.3694,1111000,36.85,0,4109,109,대신,----,11B20703,4167035038,114
575,127.18766,37.1058,1111000,51.18,0,4109,109,용인이동,----,11B20612,4146125622,111
576,127.36632,37.12966,1111000,111.46,0,4109,109,백암,----,11B20612,4146135029,114
577,126.33654,37.53411,1111000,11.41,0,4112,112,장봉도,----,11B20201,2872031024,121
578,126.26628,36.3012,1110000,8.09,0,4235,133,호도,----,11C20201,4418032029,303
579,128.9133,37.36684,1110000,607.24,0,4111,105,하장,----,11D20300,4223032025,285
580,129.02888,37.61345,1110000,58.41,0,4106,105,옥계,----,11D20501,4215035021,284
581,128.77441,37.11663,1111000,422.1,0,4109,105,상동,----,11D10501,4275025321,287
582,128.07993,37.23146,1111000,328.01,0,4109,105,신림,----,11D10401,4213039021,286
583,128.1551,37.46463,1111000,534.72,0,4114,105,안흥,----,11D10402,4273032026,286
585,128.0742,37.95996,1111000,235.78,0,4211,105,신남,----,11D10201,4281031021,281
586,127.87694,38.03209,1110000,225.91,0,4101,101,북산,----,11D10301,4211038024,291
587,127.95329,38.22642,1111000,276.94,0,4211,101,방산,----,11D10202,4280033026,291
588,127.64289,37.79066,1110000,83.37,0,4109,101,남산,----,11D10301,4211040026,291
589,126.79026,37.70236,1100000,59.07,0,4108,109,능곡,----,11B20302,4128511300,113
590,127.00249,37.44028,1111000,46.6,0,4108,109,과천,----,11B10102,4129010500,111
591,128.05047,37.41554,1111000,267.66,0,4109,105,치악산,----,11D10403,4213031028,286
592,127.74866,37.23162,1111000,52.7,0,4109,105,부론,----,11D10401,4213035024,286
593,128.54069,38.00731,1111000,128.31,0,4109,105,양양영덕,----,11D20100,4283031034,282
594,128.21,38.2533,1111000,316,0,4211,105,서화,----,11D20100,4281034023,281
595,128.37415,38.26414,1111000,586.53,0,4090,105,진부령,----,11D20100,4282025037,282
596,128.49325,38.07699,1111000,240.99,0,4109,105,오색,----,11D20100,4283031033,282
597,128.44108,37.54548,1111000,561.85,0,4100,105,대화,----,11D10503,4276033022,283
598,126.9905,37.83118,1110000,87.76,0,4098,109,양주,----,11B20304,4163033021,112
599,127.16977,37.76172,1111000,105.82,0,4098,109,광릉,----,11B20403,4165025025,112
600,127.58973,36.97369,1110000,131.87,0,4127,131,금왕,----,11C10103,4377025326,324
601,128.3669,36.98552,1110000,184.56,0,4221,131,단양,----,11C10202,4380025025,325
602,127.4625,36.8634,1110000,111,0,4131,131,진천,----,11C10102,4375025025,321
603,127.77758,36.81612,1111000,120.2,0,4127,131,괴산,----,11C10303,4376025022,324
604,127.59655,36.29994,1110000,122.64,0,4133,131,옥천,----,11C10403,4373025028,322
605,127.75981,36.16313,1110000,139.68,0,4135,131,영동,----,11C10402,4374025028,323
606,126.38808,37.01061,1111000,23.22,0,4129,177,대산,----,11C20101,4421025027,311
607,126.13541,36.67309,1101000,6.4,0,4129,177,근흥,----,11C20102,4482533028,311
608,126.64512,36.62774,1110000,86.52,0,4232,177,홍북,----,11C20104,4480025622,311
609,126.35623,36.33796,1101000,39.65,0,4129,133,삽시도,----,11C20201,4418032028,303
610,126.44237,36.52003,1110000,16.88,0,4235,177,홍성죽도,----,11C20104,4480037032,311
611,127.28056,36.56667,1110000,51,0,4111,133,세종연서,----,11C20404,3611036033,302
612,127.13646,36.48284,1110000,24,0,4133,133,공주,----,11C20402,4415012100,301
614,126.70411,36.06248,1111000,9.59,0,4140,133,서천,----,11C20202,4477031021,303
615,127.10815,36.21164,1110000,8.15,0,4236,133,논산,----,11C20602,4423010800,304
616,126.61739,36.88936,1110000,52.4,10,4129,177,당진,----,11C20103,4427010200,311
617,127.1561,36.87817,1110000,41.03,0,4133,133,성거,----,11C20301,4413325333,302
618,126.77906,36.42371,1110000,98.75,10,4235,133,청양,----,11C20502,4479025026,303
619,127.70241,36.92297,1110000,133.44,0,4127,131,음성,----,11C10103,4377025022,324
620,127.90353,37.07371,1111000,65.43,0,4109,131,엄정,----,11C10101,4313042022,324
621,128.21421,36.97325,1111000,147.63,0,4221,131,수산,----,11C10201,4315033040,325
622,128.00791,36.83909,1111000,228.09,0,4127,131,수안보,----,11C10101,4313032522,324
623,127.562,36.7956,1111000,74.72,10,4127,131,증평,----,11C10304,4374525031,324
624,127.6571,36.62436,1111000,244,0,4131,131,상당,----,11C10301,4311132021,321
625,127.8167,36.51724,1110000,328.17,0,4226,131,속리산,----,11C10302,4372031521,322
626,127.81538,36.37052,1111000,122.63,0,4109,131,옥천청산,----,11C10403,4373035037,322
627,126.29641,36.75851,1111000,41.94,0,4129,177,태안,----,11C20102,4482525022,311
628,126.81437,36.74213,1111000,38.84,0,4232,133,예산,----,11C20303,4481039021,302
629,127.20047,36.69076,1111000,84.56,0,4109,133,세종전의,----,11C20404,3611037021,302
630,127.79968,37.04566,1111000,109.14,0,4109,131,노은,----,11C10101,4313036028,324
631,126.61535,37.34775,1111000,9.74,10,4109,112,송도,----,11B20201,2818510500,121
632,126.93356,36.54069,11111000,58.83,0,4109,133,유구,----,11C20402,4415025023,301
633,127.09383,36.55114,1111000,75.76,0,4133,133,정안,----,11C20402,4415037024,301
634,126.86536,36.84578,1110000,29.5,0,4232,133,아산,----,11C20302,4420038027,302
635,126.86024,36.1319,1111000,10.73,0,4133,133,양화,----,11C20501,4476040000,304
636,127.2407,36.3132,1110000,132,0,4133,133,계룡,----,11C20403,4425033023,301
637,126.80557,36.89376,1111000,19.5,0,4129,177,신평,----,11C20103,4427038033,311
638,128.48473,37.08348,1111000,175.08,0,4121,131,영춘,----,11C10202,4380033021,325
639,128.14564,36.90433,1111000,282.85,0,4111,131,덕산,----,11C10201,4315034021,325
640,127.86167,36.67106,1111000,221.34,0,4109,131,청천,----,11C10303,4376036047,324
641,127.52388,36.5461,1111000,79.12,0,4109,131,가덕,----,11C10301,4311133025,321
642,127.39592,36.29127,1111000,167,0,4109,133,오월드,----,11C20401,3014011800,310
643,127.49378,36.34019,1111000,91.34,0,4109,133,세천,----,11C20401,3011012800,301
644,127.09004,36.13662,1100000,24.5,0,4236,133,연무,----,11C20602,4423025331,304
645,126.51099,36.57887,1101000,16.9,0,4235,177,서부,----,11C20104,4480037000,311
646,126.52845,36.17406,1111000,7.74,0,4109,133,춘장대,----,11C20202,4477041024,303
647,127.69238,36.12504,1110000,122.66,0,4135,131,가곡,----,11C10402,4374039021,323
648,127.43821,36.41347,1110000,99.9,0,4133,133,장동,----,11C20401,3023011800,301
649,126.75072,37.47223,1111000,25.91,0,4109,112,부평,----,11B20201,2823710900,121
650,127.27737,38.27264,1111000,228.01,0,4109,101,양지,----,11D10101,4278025928,293
651,127.2057,38.27717,1110000,216.03,0,4095,101,외촌,----,11D10101,4278025025,293
652,127.07267,37.98998,1110000,38.29,0,4098,109,연천청산,----,11B20402,4180032021,112
654,126.30761,37.25404,1111000,10.46,0,4109,112,자월도,----,11B20201,2872037021,121
655,124.72912,37.76024,11111000,83,0,4102,102,소청도,----,11A00103,2872034022,131
656,126.19333,37.68722,1111000,49.15,0,4109,112,볼음도,----,11B20101,2871042024,122
657,126.50213,36.32435,1111000,31.65,0,4109,133,대천항,----,11C20201,4418011000,303
658,126.12143,36.7683,1111000,10,0,4109,177,만리포,----,11C20102,4482534027,311
659,127.2057,36.343,1111000,831.7,0,4109,133,계룡산,----,11C20403,4425033023,301
660,128.37762,37.56197,1111000,533.47,0,4109,105,면온,----,11D10504,4276034025,283
661,128.40191,38.54251,1111000,5,0,4111,105,현내,----,11D20402,4282031029,282
662,126.29695,37.17064,1111000,10.19,7,4112,112,승봉도,----,11B20201,2872037023,121
663,125.78691,36.92863,1111000,62.53,0,4112,112,목덕도,----,11B20201,2872035026,121
664,126.45838,37.22468,1111000,17.72,0,4112,112,영흥도,----,11B20201,2872036021,121
665,126.42521,37.39043,1111000,28.32,0,4112,112,무의도,----,11B20201,2811015200,121
666,126.16832,36.95872,1110000,32.47,0,4129,177,안도,----,11C20102,4482535024,311
667,126.0093,36.6476,1110000,58,0,4129,177,옹도,----,11C20102,4482533029,311
669,126.07583,36.2292,1111000,17.86,0,4129,133,외연도,----,11C20201,4418032030,303
670,128.62954,38.08874,1110000,7,0,4105,105,양양,----,11D20403,4283025027,282
671,128.5936,38.19091,1110000,3.65,0,4090,105,청호,----,11D20401,4221010800,282
672,126.48836,35.44236,1111000,16.12,0,4109,146,상하,----,21F10601,4579035021,272
673,128.7175,35.28223,1111000,20.64,0,4109,159,진영,----,11H20304,4825025021,151
674,128.82141,37.21963,1111000,822.28,0,4121,105,사북,----,11D20300,4277025622,287
675,127.52769,37.78978,1110000,52.21,0,4101,101,남이섬,----,11D10301,4211040030,291
676,127.42985,36.9906,1111110,143.77,10,4131,131,위성센터,----,11C10102,4375037027,321
677,129.0213,37.51728,1111000,120.04,0,4111,105,달방댐,----,11D20300,4217013400,284
678,128.77862,37.72484,1111000,455.97,0,4105,105,강릉성산,----,11D20200,4215031027,----
679,128.77297,37.61045,1111000,686.6,0,4105,105,강릉왕산,----,11D20200,4215032026,----
680,127.84468,38.21277,1111000,230.65,0,4101,101,평화,----,11D10102,4279025027,291
681,127.81168,38.24379,1111000,215.2,0,4101,101,원동,----,11D10101,4278035000,291
682,127.8647,38.2806,1111000,1062,0,4095,101,임남,----,11D10101,4278037000,293
687,127.2528,35.1262,1111000,62.2,0,4156,156,석곡,----,11F20602,4672033030,242
688,126.93914,35.26878,1110000,31.02,0,4156,156,봉산,----,11F20504,4671031029,241
689,126.89853,35.10082,1111000,73.11,0,4111,156,광주남구,----,11F20501,2915510700,----
690,127.13944,35.33613,1110000,98,0,4247,146,풍산,----,11F10403,4577033021,277
691,126.95652,36.38617,1110000,23.83,0,4111,133,정산,----,11C20502,4479033034,303
692,126.9245,38.0404,1110000,33.24,0,4098,109,백학,----,11B20402,4180033021,112
693,127.44011,36.72319,1110000,65.97,0,4127,131,오창,----,11C10301,4311425333,324
694,126.60936,36.70435,1100000,677.32,0,4129,177,원효봉,----,11C20303,4481036029,311
695,127.43197,38.11619,1210000,1050.39,0,4111,101,광덕산,----,11D10102,4279034022,293
696,129.08614,37.34661,1111000,82.78,0,4109,105,신기,----,11D20300,4223036021,284
697,125.91828,34.25059,11111000,1.1,0,4175,165,서거차도,----,21F20201,4690036023,253
698,126.2851,35.0938,1110000,26.92,0,4165,165,해제,----,21F20804,4684036032,251
699,126.46108,34.98378,1110000,37.85,0,4165,165,무안,----,21F20804,4684025024,251
700,125.9682,36.12508,1111000,58.68,0,4140,146,어청도,----,21F10501,4513039023,273
701,127.66835,36.00168,1110000,212,0,4111,146,무주,----,11F10302,4573025022,278
702,126.99435,35.94504,Y1210111,15.12,0,4111,146,익산,----,11F10202,4514012400,271
703,127.43743,35.76036,1110000,354.27,0,4146,146,진안,----,11F10303,4572025025,271
704,126.47755,35.62095,1110000,1.94,0,4243,146,변산,----,21F10602,4580036022,274
706,126.97266,35.31021,1110000,44.67,0,4156,156,담양,----,11F20504,4671025022,241
707,126.20839,35.05796,1110000,34.31,0,4165,165,지도,----,21F20803,4691025025,251
708,126.74524,35.12886,1110000,29.91,0,4156,156,광산,----,11F20501,2920015100,241
709,127.49355,35.20808,1111000,27,0,4109,156,구례,----,11F20601,4673034023,242
710,126.74397,35.02504,1111000,7.82,0,4156,156,나주,----,11F20503,4617039021,241
711,126.9898,34.89711,1110000,77.34,0,4156,156,이양,----,11F20505,4679034022,241
712,127.51006,34.94422,1110000,12.77,0,4174,156,순천시,----,11F20405,4615011300,242
713,127.58259,34.97507,1110000,14.95,0,4174,156,광양읍,----,11F20402,4623025023,242
714,126.02868,34.87909,1101000,1.96,0,4165,165,자은도,----,21F20803,4691033029,251
716,126.03198,34.63066,1111000,2.58,0,4109,165,하의도,----,21F20803,4691037025,251
717,126.30976,34.42749,1101000,11.7,0,4175,165,의신,----,21F20201,4690033028,253
718,126.03646,34.33303,1111000,6.42,0,4175,165,상조도,----,21F20201,4690036030,253
719,126.3977,35.8088,1111000,11.45,0,4109,146,선유도,----,21F10501,4513039028,273
720,126.54991,34.15486,1111000,27.12,0,4109,165,보길도,----,11F20301,4689038023,254
721,127.02825,34.33904,1111000,4.17,0,4109,165,금일,----,11F20301,4689025322,254
722,126.92875,35.13681,1111000,110.87,0,4109,156,조선대,----,11F20501,2911011800,241
723,127.30898,34.02792,1111000,6.7,0,4109,168,거문도,----,11F20401,4613036021,261
724,126.30157,33.95783,1111000,8.1,0,4111,184,추자도,----,11G00800,5011032022,331
725,126.95414,33.52289,1111000,9.23,0,4184,184,우도,----,11G00100,5011033021,331
726,126.26786,33.12206,1111000,11.58,0,4111,184,마라도,----,11G00500,5013025026,331
727,126.39293,33.40986,1110000,425.21,0,4184,184,유수암,----,11G00200,5011025342,331
730,126.7611,35.2794,1110000,43.95,0,4156,156,장성,----,11F20502,4688036022,241
731,126.68634,34.81666,1110000,4.58,0,4165,165,영암,----,21F20802,4683025030,251
732,127.09209,34.76192,1110000,145.53,0,4260,168,보성,----,11F20404,4678025023,242
733,126.8917,36.0461,1110000,49.12,0,4146,146,함라,----,11F10202,4514033025,271
734,127.24573,35.98551,1111000,64.36,0,4146,146,완주,----,11F10204,4571036031,271
735,127.77306,35.89424,1111000,660.36,0,4135,146,덕유산,----,11F10302,4573032030,278
736,126.78401,35.84679,1111000,2.16,0,4243,146,진봉,----,21F10502,4521041021,274
737,126.87765,35.80905,1110000,54.61,0,4243,146,김제,----,21F10502,4521010700,274
738,126.67388,35.57948,1111000,16,0,4111,146,줄포,----,21F10602,4580041023,274
739,126.54668,35.52254,1111000,12.57,0,4245,146,심원,----,21F10601,4579039026,276
741,126.98515,35.05671,1111000,94.82,0,4156,156,화순,----,11F20505,4679025031,241
742,126.33064,34.93889,1111000,12,0,4109,165,운남,----,21F20804,4684037025,251
743,125.94688,34.77258,1110000,8.2,0,4165,165,비금,----,21F20803,4691034026,251
744,126.43646,34.67254,1110000,5.59,0,4261,165,산이,----,11F20302,4682041029,252
745,126.70479,34.69976,1111000,79.59,0,4109,165,성전,----,11F20303,4681036023,255
746,126.5159,34.38184,1110000,8.82,0,4261,165,땅끝,----,11F20302,4682034026,252
747,126.85801,34.18292,1111000,24.76,0,4170,165,청산도,----,11F20301,4689035021,254
748,127.3631,34.83694,1111000,1.6,0,4262,168,벌교,----,11F20404,4678025300,262
749,127.12715,34.53471,1111000,24.96,0,4109,168,도양,----,11F20403,4677025324,262
750,127.63568,34.62781,1111000,3,0,4109,168,백야,----,11F20401,4613033030,261
751,126.70904,33.48209,1110000,251.09,0,4184,184,선흘,----,11G00200,5011025930,331
752,126.30599,33.30456,1110000,188.42,0,4184,184,서광,----,11G00400,5013031027,331
753,126.4959,33.39304,1110000,967.83,0,4184,184,어리목,----,11G00300,5011013900,331
754,126.52732,35.06037,11111000,10.42,0,4111,156,함평,----,21F20101,4686025022,241
755,127.08534,35.1596,1110000,185.01,0,4156,156,화순북,----,11F20505,4679039022,241
756,126.28199,35.60152,1111000,4.22,0,4243,146,위도,----,21F10602,4580042021,274
757,127.43596,35.97436,1111000,269.51,0,4109,146,진안주천,----,11F10303,4572040024,271
758,127.57117,35.83518,1111000,320.61,0,4109,146,동향,----,11F10303,4572033021,271
759,127.57826,35.37162,1110000,478.65,0,4247,146,뱀사골,----,11F10401,4519046027,277
760,126.9327,35.42739,1111000,281.93,0,4111,146,복흥,----,11F10403,4577037031,277
761,126.93462,35.65081,1111000,14.7,0,4111,146,태인,----,11F10203,4518039030,276
762,127.12611,35.51978,1111000,165.32,0,4111,146,강진면,----,11F10402,4575039025,275
763,127.062,36.0592,1111000,38,0,4146,146,여산,----,11F10202,4514039000,271
764,127.14143,35.67359,1111000,211.79,0,4109,146,신덕,----,11F10402,4575036022,275
765,127.13448,34.89234,1111000,109.9,0,4168,156,복내,----,11F20404,4678035021,261
766,127.71496,34.84946,1111000,78.86,0,4109,168,여수산단,----,11F20401,4613014600,261
767,127.39745,34.58853,1111000,3.72,0,4262,168,포두,----,11F20403,4677035031,262
768,127.28531,35.28886,1111000,100.48,0,4146,156,곡성,----,11F20602,4672025022,241
769,126.38336,35.19932,1111000,5.4,0,4156,156,염산,----,21F20102,4687036029,241
770,126.82781,34.94759,1111000,73.27,0,4109,156,다도,----,11F20503,4617042026,241
771,126.14463,34.72693,1111000,3.36,0,4165,165,안좌,----,21F20803,4691040028,251
772,126.23964,34.53208,1111000,1.35,0,4175,165,수유,----,21F20201,4690025028,253
773,126.63593,34.7085,1111000,72.11,0,4165,165,학산,----,21F20802,4683038022,251
774,126.46618,34.81747,1111000,11.17,0,4109,165,전남도청,----,21F20804,4684025600,251
775,126.63538,35.1777,1110000,35.38,0,4156,156,월야,----,21F20101,4686038025,241
776,126.55307,34.46671,1100000,21.83,0,4261,165,현산,----,11F20302,4682033023,252
777,126.93462,34.55633,1111000,37.1,0,4109,165,관산,----,11F20304,4680025326,255
778,126.8218,34.79594,1111000,96.16,0,4260,165,유치,----,11F20304,4680035030,255
779,126.25809,33.39268,1110000,38.79,0,4184,184,한림,----,11G00500,5011025027,331
780,126.70438,33.27718,1110000,25.86,0,4184,184,제주남원,----,11G00400,5013025321,331
781,126.8777,33.5199,1110000,17.18,0,4184,184,구좌,----,11G00100,5011025631,331
782,126.6194,33.38514,1110000,760.47,0,4184,184,성판악,----,11G00300,5011025929,331
783,126.84077,35.23027,1111000,30.59,0,4109,156,과기원,----,11F20501,2917014100,241
784,126.61258,34.87718,1111000,22.08,0,4165,165,시종,----,21F20802,4683034027,251
785,126.6763,34.46383,1111000,13.04,0,4109,165,북일,----,11F20302,4682036023,252
786,127.77409,34.63811,1111000,17,0,4109,168,돌산,----,11F20401,4613025026,261
787,127.31716,34.50672,1111000,12.3,0,4109,168,도화,----,11F20403,4677034027,262
788,126.88132,35.13159,1111000,64.98,0,4109,156,풍암,----,11F20501,2914012800,241
789,126.2929,34.87643,1111000,8.91,0,4165,165,압해도,----,21F20803,4691025325,251
790,127.46735,34.53258,1111000,135.19,0,4111,168,나로도,----,11F20403,4677045023,262
791,127.58376,35.26621,1110000,410.15,0,4174,156,피아골,----,11F20601,4673033027,242
792,126.81682,33.3536,1111000,80.47,0,4184,184,표선,----,11G00100,5013032022,331
793,126.22626,33.24101,1110000,2.64,0,4184,184,대정,----,11G00500,5013025025,331
794,127.42739,35.10066,1100000,75.99,0,4174,156,황전,----,11F20603,4615033024,242
795,127.13899,35.27532,1100000,86.65,0,4174,156,옥과,----,11F20602,4672037023,242
796,127.24476,34.23775,1111000,37.52,0,4109,168,초도,----,11F20401,4613036025,261
797,125.29953,34.39498,1111000,35.63,0,4109,169,하태도,----,11F20701,4691036030,251
798,125.19236,34.68551,11111000,23.21,0,4111,169,홍도,----,11F20701,4691036029,251
799,126.13762,35.20218,1101000,12.02,0,4156,156,낙월도,----,21F20102,4687038021,241
800,129.44368,36.72566,1111000,6.43,0,4130,136,평해,----,11H10101,4793025321,192
801,129.088,36.62497,1110000,217,0,4136,136,영양,----,11H10403,4776025023,192
802,129.34008,36.75743,1111000,142.31,0,4109,136,온정,----,11H10101,4793036029,192
803,128.81147,36.3947,1111000,219.79,0,4136,143,옥산,----,11H10502,4773033031,191
804,129.33921,36.19056,1110000,37.23,0,4138,138,청하,----,11H10201,4711332023,201
805,129.09434,36.17929,1111000,227.04,0,4109,138,죽장,----,11H10201,4711335034,201
806,128.2903,36.23336,1100000,41.05,0,4279,143,선산,----,11H10602,4719025024,183
807,128.69318,36.17966,1110000,114.26,0,4279,143,의흥,----,11H10603,4772035034,183
808,129.56673,36.07597,1110000,11.41,0,4138,138,호미곶,----,11H10201,4711135022,201
809,127.97919,35.93544,1110000,205.1,0,4279,143,대덕,----,11H10601,4715044032,183
810,128.29851,35.92553,1110000,34.22,0,4279,143,성주,----,11H10605,4784025025,183
811,129.20929,35.86299,1210000,32.36,0,4138,138,황성,----,11H10202,4713012400,201
812,128.28214,35.69603,1110000,41.19,0,4143,143,고령,----,11H10604,4783025333,181
813,128.73183,35.65404,1110000,77.53,10,4143,143,청도,----,11H10704,4782025028,181
814,128.66103,36.97916,1110000,302.79,0,4111,136,부석,----,11H10401,4721039024,193
815,128.46461,36.65996,1210000,102.13,0,4136,136,예천,----,11H10303,4790025024,182
816,129.5475,35.9831,1110000,42.37,0,4138,138,구룡포,----,11H10201,4711125028,201
817,129.22123,36.78268,1110000,383.62,0,4130,136,수비,----,11H10800,4776034030,192
818,128.14792,36.70781,1111000,217.28,0,4109,136,마성,----,11H10301,4728036027,185
819,128.88641,36.65875,1111000,203.21,0,4109,136,예안,----,11H10501,4717041034,191
820,128.52665,36.54819,1111000,75.76,0,4136,136,하회,----,11H10501,4717034033,191
821,128.07393,36.28187,1110000,91.11,0,4137,143,공성,----,11H10302,4725035023,184
822,128.10165,36.08128,1111000,84.16,0,4279,143,김천,----,11H10601,4715041021,183
823,128.55577,36.24934,1111000,81.56,0,4111,143,군위,----,11H10603,4772025027,182
824,128.50008,36.0956,1111000,114.95,0,4279,143,가산,----,11H10705,4785033044,183
825,128.3813,36.03977,1111000,29.79,0,4279,143,칠곡,----,11H10705,4785036029,183
826,128.79003,36.04709,1111000,130.98,0,4281,143,신녕,----,11H10702,4723032027,182
827,128.743,35.82425,1111000,61.21,0,4143,143,경산,----,11H10703,4729011700,181
828,128.42384,35.69018,1111000,24.93,0,4143,143,달성,----,11H10701,2771026526,181
829,129.31815,35.71214,1100000,72.92,0,4138,138,외동,----,11H10202,4713025921,201
830,129.19957,36.06887,1111000,45.06,0,4111,138,기계,----,11H10201,4711334021,201
831,128.99708,37.04012,1110000,663.05,0,4130,136,석포,----,11H10800,4792039022,192
832,128.42855,36.39066,1110000,67,0,4136,143,단북,----,11H10502,4773042029,191
833,128.04189,36.53829,1111000,174.74,0,4109,143,은척,----,11H10302,4725044024,185
834,127.94422,36.44123,1110000,286.99,0,4137,143,화서,----,11H10302,4725041023,184
835,128.71601,36.89316,1111000,185,0,4109,136,봉화읍,----,11H10402,4792025026,192
836,128.89548,36.27948,1110000,317,0,4136,143,현서,----,11H10503,4775034043,----
837,128.6429,36.8268,1111000,188.82,0,4272,136,이산,----,11H10401,4721031021,193
838,128.27046,36.79066,1111000,451.67,0,4109,136,동로,----,11H10301,4728035028,185
839,128.89544,36.45834,1111000,129.33,0,4109,136,길안,----,11H10501,4717039021,191
840,128.8144,35.9125,1110000,71,0,4143,143,하양,----,11H10703,4729025021,181
841,128.91106,36.08494,1111000,138.88,0,4109,143,화북,----,11H10702,4723034032,182
842,129.011,35.7576,1111000,170.66,0,4109,138,산내,----,11H10202,4713034023,201
843,129.25013,36.93611,1111000,219.97,0,4109,136,금강송,----,11H10800,4793039021,192
844,129.35859,36.43551,1111000,22.38,0,4111,138,영덕읍,----,11H10102,4777025021,192
845,128.59068,35.90842,1111000,30.18,0,4109,143,대구북구,----,11H10701,2723011500,181
846,128.53095,35.86509,1111000,76.37,0,4109,143,대구서구,----,11H10701,2717010500,181
847,128.46637,36.27623,1111000,70.41,0,4109,143,소보,----,11H10603,4772031039,182
848,128.89534,35.67916,1100000,104.4,0,4143,143,청도금천,----,11H10704,4782036000,181
849,128.3871,36.54689,1111000,85.04,0,4109,136,지보,----,11H10303,4790040021,182
850,129.49062,35.78471,1110000,6.67,0,4138,138,감포,----,11H10202,4713025024,201
851,129.35206,37.05137,1111000,79.82,0,4109,136,소곡,----,11H10101,4793031028,192
852,129.426,37.0606,1101000,41,10,4130,136,죽변,----,11H10101,4793037021,192
853,128.62129,36.01827,1111000,568.37,0,4109,143,팔공산,----,11H10705,4785032035,181
854,129.13357,35.49528,1110000,166.92,0,4152,152,삼동,----,11H20101,3171040027,161
855,126.26833,33.1733,1110000,4.25,0,4184,184,가파도,----,11G00500,5013025026,331
856,127.59815,35.1018,1110000,514.84,0,4174,156,광양백운산,----,11F20402,4623032024,242
857,126.71737,34.29995,1110000,8.46,0,4170,165,완도읍,----,11F20301,4689025027,254
858,126.17006,34.42956,1110000,34.67,0,4175,165,지산,----,21F20201,4690035021,253
859,129.36873,35.7549,1111000,475,0,4109,138,토함산,----,11H10202,4713031034,201
860,128.61903,35.88515,1111000,58.81,0,4111,143,신암,----,11H10701,2714010100,181
861,126.77811,33.56233,1111000,34,0,4109,184,월정,----,11G00100,5011025626,331
862,126.77919,33.47056,1111000,196.63,0,4184,184,송당,----,11G00100,5011025625,331
863,126.43165,33.47688,1111000,52.65,0,4184,184,외도,----,11G00200,5011012300,331
864,127.15497,35.82149,1211110,54.51,18.4,4109,146,완산,----,11F10201,4511112100,271
865,126.52202,33.45766,1111000,233.9,0,4109,184,오등,----,11G00200,5011013400,331
866,126.59777,33.43023,1111000,588.19,0,4111,184,한라생태숲,----,11G00300,5011013200,331
867,126.53049,33.37694,1111000,1503.33,0,4109,184,삼각봉,----,11G00300,5011012000,331
868,126.49802,33.37598,1111000,1392.53,0,4109,184,사제비,----,11G00300,5011025321,331
869,126.4964,33.34832,1111000,1260.2,0,4184,184,영실,----,11G00300,5013011800,331
870,126.55571,33.36978,11110000,1488.56,0,4184,184,진달래밭,----,11G00300,5013025328,331
871,126.51811,33.3623,11110000,1665.71,0,4184,184,윗세오름,----,11G00300,5011025321,331
872,127.75642,35.31924,11110000,869.44,0,4192,155,지리산,----,11H20703,4886036021,172
873,127.9702,37.2557,11110000,898.26,0,4114,105,원주백운산,----,11D10401,4213038022,286
874,127.21967,38.14162,1111000,168,0,4109,101,동송,----,11D10101,4278025925,293
875,128.4606,38.1211,1111000,1595.71,0,4109,105,설악산,----,11D20101,4283031033,282
876,129.16214,37.45003,1110000,57.07,0,4105,105,삼척,----,11D20602,4223010600,284
877,127.80486,37.31339,1111000,59.23,0,4111,105,문막,----,11D10401,4213025024,286
878,129.09609,37.22379,1110000,817.04,0,4106,105,도계,----,11D20300,4223025032,284
881,126.52885,35.72945,1110000,10.49,0,4243,146,새만금,----,21F10602,4580036026,274
882,126.60423,35.25179,1111000,106.65,10,4109,156,상무대,----,11F20502,4688034024,241
883,126.35989,33.36233,1111000,435,0,4109,184,새별오름,----,11G00200,5011025339,331
884,126.5176,33.25927,1110000,173.45,0,4184,184,기상(과),----,11G00400,5013010300,331
885,126.67846,33.33143,1111000,244.29,0,4184,184,태풍센터,----,11G00400,5013025323,331
886,126.59117,35.95048,1110000,5.79,0,4140,146,군산산단,----,21F10501,4513015200,273
888,127.49078,36.46267,1110000,94.44,10,4131,131,청남대,----,11C10301,4311135032,321
889,126.97652,37.50036,1111000,16.23,0,4108,109,현충원,----,11B10101,1159010700,101
890,126.73362,33.38535,1111000,275.2,10,4109,184,제주가시리,----,11G00100,5013032024,331
892,126.85127,33.45011,1111000,102.47,0,4184,184,성산수산,----,11G00100,5013025925,----
893,126.32745,33.46592,1111000,5.24,0,4184,184,애월,----,11G00200,5011025334,331
894,126.95685,37.39436,W0000000,77.92,0,4109,119,안양동안,----,11B20602,4117310200,----
895,126.86531,37.47867,W0000000,52.69,0,4109,119,광명철산,----,11B10103,4121010200,----
896,126.93534,37.36148,W0000000,84.71,0,4109,119,군포금정,----,11B20610,4141010500,----
897,126.96884,37.34452,W0000000,80.4,0,4109,119,의왕고천,----,11B20609,4143010100,----
898,129.3860107,35.50491883,11111000,4,0,4109,152,장생포,----,11H20101,3114011900,161
899,128.5821,35.22358,11111000,24,0,4109,155,마산회원,----,11H20301,4812710500,171
900,129.14356,35.62027,1110000,117.49,0,4152,152,두서,----,11H20101,3171037022,161
901,129.43531,35.48678,1110000,67.64,0,4152,152,울기,----,11H20101,3117010100,161
902,127.81897,35.24229,1110000,137.13,0,4192,155,시천,----,11H20703,4886036027,172
903,128.51486,35.40387,1111000,14.86,0,4109,152,도천,----,11H20604,4874040027,162
904,128.96753,35.13695,1111000,3.55,0,4109,159,사상,----,11H20201,2653010500,151
905,129.04288,35.4414,1111000,83.57,0,4159,152,양산상북,----,11H20102,4833033000,161
906,127.64269,35.23236,1111000,89.59,0,4192,155,화개,----,11H20702,4885031000,172
907,128.06313,34.93211,1111000,29.46,0,4162,155,삼천포,----,11H20402,4824011700,171
908,128.7537,35.11221,1110000,11.74,0,4155,155,진해,----,11H20301,4812914700,171
909,128.73825,34.78774,1111000,109.74,0,4294,159,서이말,----,11H20403,4831031024,153
910,129.07421,35.06609,1111000,138.96,0,4111,159,영도,----,11H20201,2620012100,151
911,128.57715,34.64893,1111000,69.02,0,4111,159,매물도,----,11H20401,4822036028,152
912,127.77836,35.52627,1111000,140.33,0,4109,155,백천,----,11H20501,4887025027,173
913,127.98155,34.7238,1101000,19.65,0,4295,159,상주면,----,11H20405,4884032022,151
914,127.71556,35.63763,1111000,353.86,0,4284,155,서하,----,11H20501,4887037025,173
915,128.10178,35.41353,1111000,85.28,0,4111,152,삼가,----,11H20503,4889043028,161
916,127.96696,35.31111,1110000,55,0,4289,155,단성,----,11H20703,4886037022,173
917,128.06768,35.03694,1111000,25.79,0,4019,155,사천,----,11H20402,4824033026,171
918,128.33089,34.99052,1111000,7.03,0,4162,159,고성,----,11H20404,4882025032,152
919,128.47669,35.55142,1111000,24.3,0,4288,152,창녕,----,11H20604,4874036025,162
920,128.39942,35.29613,1111000,8.39,0,4111,155,함안,----,11H20603,4873025031,171
921,128.83141,34.99308,1110000,75.63,0,4159,159,가덕도,----,11H20201,2644012200,151
922,128.92911,35.48645,1100000,138.03,0,4159,152,단장,----,11H20601,4827035031,161
923,129.25113,35.27505,1111000,65.99,0,4159,159,기장,----,11H20201,2671031022,151
924,129.36028,35.35866,1111000,22.23,0,4111,152,간절곶,----,11H20101,3171031025,161
925,128.82299,35.37435,1110000,8.68,0,4159,159,생림,----,11H20304,4825035025,151
926,128.47483,35.12624,1111000,13.33,0,4109,155,진북,----,11H20301,4812533000,171
927,128.88365,35.58197,1111000,126.74,0,4109,152,송백,----,11H20601,4827034021,162
929,128.30701,35.11369,1111000,129.52,0,4109,159,개천,----,11H20404,4882038021,152
930,128.23814,34.80992,1111000,6.64,0,4111,159,사량도,----,11H20401,4822037000,152
931,128.27352,34.62231,1111000,73.47,0,4111,159,욕지도,----,11H20401,4822035021,152
932,127.76664,35.06058,1111000,4.47,0,4192,155,하동,----,11H20704,4885025024,172
933,127.83238,34.99676,1111000,32.22,0,4109,155,금남,----,11H20406,4885036027,172
934,127.92848,35.2214,1100000,82.8,0,4192,155,수곡,----,11H20701,4817046022,172
935,128.34114,35.56979,1111000,23.63,0,4109,152,청덕,----,11H20503,4889039033,161
936,128.2023,35.33263,1111000,61.21,0,4109,155,신포,----,11H20602,4872032023,172
937,129.16235,35.17611,1110000,63.72,0,4159,159,해운대,----,11H20201,2635010500,151
938,129.01929,35.15888,1111000,114.38,0,4109,159,부산진,----,11H20201,2623011100,151
939,129.10348,35.2932,1111000,49.26,0,4109,159,금정구,----,11H20201,2641010100,151
940,129.09013,35.20914,1110000,70.07,0,4159,159,동래,----,11H20201,2626010500,151
941,129.00258,35.21304,1111000,6.94,0,4109,159,북구,----,11H20201,2632010400,151
942,129.08841,35.11863,1111000,124.26,0,4109,159,부산남구,----,11H20201,2629011100,151
943,129.37528,35.66738,1110000,470.43,0,4152,152,매곡,----,11H20101,3120010300,161
944,128.57005,35.38516,1100000,10.05,0,4288,152,길곡,----,11H20604,4874041021,162
945,127.9901,35.53452,1111000,231.31,0,4109,152,대병,----,11H20503,4889045026,161
946,127.81826,35.78,1111000,324.25,0,4284,152,북상,----,11H20502,4888034022,163
947,128.5908,34.72193,1111000,30.51,0,4109,159,명사,----,11H20403,4831033022,153
948,127.83448,35.31074,1111000,140.43,0,4289,155,삼장,----,11H20703,4886035025,173
949,129.4412,35.6375,1111000,8,0,4152,152,정자,----,11H20101,3120011800,161
950,128.98393,35.09004,1110000,127,0,4159,159,사하,----,11H20201,2638010400,151
951,126.90733,35.50869,1110000,105.9,0,4245,146,내장산,----,11F10203,4518011900,276
953,128.67977,34.99839,1110000,30.87,0,4294,159,장목,----,11H20403,4831039026,153
954,129.36011,35.43103,1110000,53.92,0,4152,152,온산,----,11H20101,3171025030,161
955,126.3933333,37.325,70011000,18,0,4111,112,서수도,Seosudo,11B20201,2872037000,231
956,125.9767,36.77,70011000,16,0,4111,177,가대암,Gadaeam,11C20102,4482533000,231
957,126.225,35.98666667,11000,95,0,4140,146,십이동파,Sibidongpa,21F10501,4513039022,231
958,126.245,35.61333333,70011000,15,0,4111,146,갈매여,Galmaeyeo,21F10602,4580042000,231
959,126.0266667,34.26333333,70011000,12,0,4111,156,해수서,Haesuseo,21F20201,4690036000,231
960,126.6542,33.22333,70011000,18,0,4109,184,지귀도,Jiguido,11G00400,5013025327,231
961,127.85778,34.285,11000,27,0,0,156,간여암,Ganyoam,11F20401,4613034026,231
963,129.475,35.5667,70011000,16,0,4111,152,이덕서,Idukseo,11H20101,3117000000,231
964,126.81574,34.45902,1111000,49.92,0,4111,165,마량,----,11F20303,4681040024,255
965,126.533,33.35236111,1110000,1576,0,4111,184,한라산남벽,----,11G00300,5013011100,331
966,126.3856,37.1161,111000,38,0,4119,112,풍도,----,11B20203,4127311200,121
967,126.6128,37.1189,111000,70,0,4119,112,도리도,----,11B20604,4159035032,121
970,127.25024,38.2016,Y1111111,179.45,0,4111,101,철원장흥,----,11D10101,4278025923,293
972,128.6834,36.54983,Y1111111,88.62,0,4136,136,안동옥동,----,11H10501,4717013300,----
973,126.94961,35.0233,Y1111111,39.64,0,4174,156,화순능주,----,11F20505,4679035031,----
974,128.15605,35.24435,Y1210111,16.78,0,4111,155,대곡,----,11H20701,4817040024,172
977,127.46688,36.72455,Y1210111,40.35,0,4111,131,오창가곡,----,11C10301,4311425300,321
978,127.77626,37.95461,Y1210111,140.37,0,4111,101,춘천신북,----,11D10301,4211025023,291
980,126.48951,33.26062,Y1110111,141.84,0,4111,184,강정,----,11G00400,5013011600,331
984,129.127,35.091,70011000,35.9,0,4111,159,오륙도,----,11H20200,2629000000,231
989,126.32988,33.25786,1111000,90,0,4111,184,안덕화순,----,11G00400,5013031021,331
990,126.23053,33.31821,1111000,76,0,4109,184,낙천,----,11G00500,5011031029,331
991,128.44562,35.80279,1111000,27.5,0,4109,143,옥포,----,11H10701,2771026221,181
992,128.4464,35.9062,1111000,35.5,0,4109,143,하빈,----,11H10701,2771033026,181
